{
    "name": "root",
    "gauges": {
        "SnakeModel.Policy.Entropy.mean": {
            "value": 1.0099605321884155,
            "min": 1.0099605321884155,
            "max": 1.5373082160949707,
            "count": 22
        },
        "SnakeModel.Policy.Entropy.sum": {
            "value": 2036.080322265625,
            "min": 2015.033935546875,
            "max": 3099.21337890625,
            "count": 22
        },
        "SnakeModel.Environment.EpisodeLength.mean": {
            "value": 2.878612716763006,
            "min": 2.7031539888682747,
            "max": 3.290948275862069,
            "count": 22
        },
        "SnakeModel.Environment.EpisodeLength.sum": {
            "value": 1494.0,
            "min": 1457.0,
            "max": 1527.0,
            "count": 22
        },
        "SnakeModel.Step.mean": {
            "value": 43999.0,
            "min": 1997.0,
            "max": 43999.0,
            "count": 22
        },
        "SnakeModel.Step.sum": {
            "value": 43999.0,
            "min": 1997.0,
            "max": 43999.0,
            "count": 22
        },
        "SnakeModel.Policy.ExtrinsicValueEstimate.mean": {
            "value": -1.0884922742843628,
            "min": -1.4969285726547241,
            "max": 7.177104473114014,
            "count": 22
        },
        "SnakeModel.Policy.ExtrinsicValueEstimate.sum": {
            "value": -562.75048828125,
            "min": -766.4274291992188,
            "max": 3674.677490234375,
            "count": 22
        },
        "SnakeModel.Environment.CumulativeReward.mean": {
            "value": -1.417529569603719,
            "min": -1.8204443074395875,
            "max": -1.417529569603719,
            "count": 22
        },
        "SnakeModel.Environment.CumulativeReward.sum": {
            "value": -732.8627874851227,
            "min": -886.9934698343277,
            "max": -732.8627874851227,
            "count": 22
        },
        "SnakeModel.Policy.ExtrinsicReward.mean": {
            "value": -1.417529569603719,
            "min": -1.8204443074395875,
            "max": -1.417529569603719,
            "count": 22
        },
        "SnakeModel.Policy.ExtrinsicReward.sum": {
            "value": -732.8627874851227,
            "min": -886.9934698343277,
            "max": -732.8627874851227,
            "count": 22
        },
        "SnakeModel.IsTraining.mean": {
            "value": 1.0,
            "min": 1.0,
            "max": 1.0,
            "count": 22
        },
        "SnakeModel.IsTraining.sum": {
            "value": 1.0,
            "min": 1.0,
            "max": 1.0,
            "count": 22
        },
        "SnakeModel.Losses.PolicyLoss.mean": {
            "value": 0.04030783593447672,
            "min": 0.030977718997746706,
            "max": 0.04082285723200551,
            "count": 8
        },
        "SnakeModel.Losses.PolicyLoss.sum": {
            "value": 0.04030783593447672,
            "min": 0.030977718997746706,
            "max": 0.04082285723200551,
            "count": 8
        },
        "SnakeModel.Losses.ValueLoss.mean": {
            "value": 0.015933736123972468,
            "min": 0.015933736123972468,
            "max": 13.691414056000886,
            "count": 8
        },
        "SnakeModel.Losses.ValueLoss.sum": {
            "value": 0.015933736123972468,
            "min": 0.015933736123972468,
            "max": 13.691414056000886,
            "count": 8
        },
        "SnakeModel.Policy.LearningRate.mean": {
            "value": 0.0002879865040045,
            "min": 0.0002879865040045,
            "max": 0.0002984997005000999,
            "count": 8
        },
        "SnakeModel.Policy.LearningRate.sum": {
            "value": 0.0002879865040045,
            "min": 0.0002879865040045,
            "max": 0.0002984997005000999,
            "count": 8
        },
        "SnakeModel.Policy.Epsilon.mean": {
            "value": 0.19599550000000007,
            "min": 0.19599550000000007,
            "max": 0.19949990000000004,
            "count": 8
        },
        "SnakeModel.Policy.Epsilon.sum": {
            "value": 0.19599550000000007,
            "min": 0.19599550000000007,
            "max": 0.19949990000000004,
            "count": 8
        },
        "SnakeModel.Policy.Beta.mean": {
            "value": 0.00480017545,
            "min": 0.00480017545,
            "max": 0.004975045010000001,
            "count": 8
        },
        "SnakeModel.Policy.Beta.sum": {
            "value": 0.00480017545,
            "min": 0.00480017545,
            "max": 0.004975045010000001,
            "count": 8
        }
    },
    "metadata": {
        "timer_format_version": "0.1.0",
        "start_time_seconds": "1667162244",
        "python_version": "3.7.13 (default, Oct 18 2022, 13:40:53) \n[Clang 12.0.0 ]",
        "command_line_arguments": "/opt/anaconda3/envs/ml-snake/bin/mlagents-learn Snake.yaml --run-id=Snakerun20",
        "mlagents_version": "0.28.0",
        "mlagents_envs_version": "0.28.0",
        "communication_protocol_version": "1.5.0",
        "pytorch_version": "1.7.1",
        "numpy_version": "1.21.6",
        "end_time_seconds": "1667162320"
    },
    "total": 75.156708208,
    "count": 1,
    "self": 0.004742957999994246,
    "children": {
        "run_training.setup": {
            "total": 0.013617832999999857,
            "count": 1,
            "self": 0.013617832999999857
        },
        "TrainerController.start_learning": {
            "total": 75.138347417,
            "count": 1,
            "self": 0.07776097400008553,
            "children": {
                "TrainerController._reset_env": {
                    "total": 7.358168542,
                    "count": 1,
                    "self": 7.358168542
                },
                "TrainerController.advance": {
                    "total": 67.61003956699992,
                    "count": 5968,
                    "self": 0.0706011509998774,
                    "children": {
                        "env_step": {
                            "total": 52.745604314,
                            "count": 5968,
                            "self": 49.53640537100002,
                            "children": {
                                "SubprocessEnvManager._take_step": {
                                    "total": 3.1595499660003235,
                                    "count": 5968,
                                    "self": 0.14174038700033265,
                                    "children": {
                                        "TorchPolicy.evaluate": {
                                            "total": 3.017809578999991,
                                            "count": 4917,
                                            "self": 0.5526353419998955,
                                            "children": {
                                                "TorchPolicy.sample_actions": {
                                                    "total": 2.4651742370000953,
                                                    "count": 4917,
                                                    "self": 2.4651742370000953
                                                }
                                            }
                                        }
                                    }
                                },
                                "workers": {
                                    "total": 0.049648976999652206,
                                    "count": 5967,
                                    "self": 0.0,
                                    "children": {
                                        "worker_root": {
                                            "total": 68.61749580800006,
                                            "count": 5967,
                                            "is_parallel": true,
                                            "self": 30.768171873000178,