{
    "name": "root",
    "gauges": {
        "SnakeModel.Policy.Entropy.mean": {
            "value": 0.3812164068222046,
            "min": 0.3812164068222046,
            "max": 1.4014734029769897,
            "count": 21
        },
        "SnakeModel.Policy.Entropy.sum": {
            "value": 761.67041015625,
            "min": 761.67041015625,
            "max": 2825.370361328125,
            "count": 21
        },
        "SnakeModel.Environment.EpisodeLength.mean": {
            "value": 1.0953878406708595,
            "min": 1.0953878406708595,
            "max": 2.6043165467625897,
            "count": 21
        },
        "SnakeModel.Environment.EpisodeLength.sum": {
            "value": 1045.0,
            "min": 1045.0,
            "max": 1448.0,
            "count": 21
        },
        "SnakeModel.Step.mean": {
            "value": 41998.0,
            "min": 1995.0,
            "max": 41998.0,
            "count": 21
        },
        "SnakeModel.Step.sum": {
            "value": 41998.0,
            "min": 1995.0,
            "max": 41998.0,
            "count": 21
        },
        "SnakeModel.Policy.ExtrinsicValueEstimate.mean": {
            "value": -8.991514205932617,
            "min": -17.427350997924805,
            "max": -0.39977025985717773,
            "count": 21
        },
        "SnakeModel.Policy.ExtrinsicValueEstimate.sum": {
            "value": -8577.904296875,
            "min": -12682.291015625,
            "max": -221.87249755859375,
            "count": 21
        },
        "SnakeModel.Environment.CumulativeReward.mean": {
            "value": -12.596699403266987,
            "min": -32.487690320745244,
            "max": -12.596699403266987,
            "count": 21
        },
        "SnakeModel.Environment.CumulativeReward.sum": {
            "value": -12017.251230716705,
            "min": -18030.66812801361,
            "max": -12017.251230716705,
            "count": 21
        },
        "SnakeModel.Policy.ExtrinsicReward.mean": {
            "value": -12.596699403266987,
            "min": -32.487690320745244,
            "max": -12.596699403266987,
            "count": 21
        },
        "SnakeModel.Policy.ExtrinsicReward.sum": {
            "value": -12017.251230716705,
            "min": -18030.66812801361,
            "max": -12017.251230716705,
            "count": 21
        },
        "SnakeModel.IsTraining.mean": {
            "value": 1.0,
            "min": 1.0,
            "max": 1.0,
            "count": 21
        },
        "SnakeModel.IsTraining.sum": {
            "value": 1.0,
            "min": 1.0,
            "max": 1.0,
            "count": 21
        },
        "SnakeModel.Losses.PolicyLoss.mean": {
            "value": 0.039732525418340055,
            "min": 0.039732525418340055,
            "max": 0.06185878609755525,
            "count": 8
        },
        "SnakeModel.Losses.PolicyLoss.sum": {
            "value": 0.039732525418340055,
            "min": 0.039732525418340055,
            "max": 0.06185878609755525,
            "count": 8
        },
        "SnakeModel.Losses.ValueLoss.mean": {
            "value": 2.968600723478529,
            "min": 2.968600723478529,
            "max": 219.19922440140337,
            "count": 8
        },
        "SnakeModel.Losses.ValueLoss.sum": {
            "value": 2.968600723478529,
            "min": 2.968600723478529,
            "max": 219.19922440140337,
            "count": 8
        },
        "SnakeModel.Policy.LearningRate.mean": {
            "value": 0.0002879931040023,
            "min": 0.0002879931040023,
            "max": 0.0002984997005000999,
            "count": 8
        },
        "SnakeModel.Policy.LearningRate.sum": {
            "value": 0.0002879931040023,
            "min": 0.0002879931040023,
            "max": 0.0002984997005000999,
            "count": 8
        },
        "SnakeModel.Policy.Epsilon.mean": {
            "value": 0.19599770000000005,
            "min": 0.19599770000000005,
            "max": 0.19949990000000004,
            "count": 8
        },
        "SnakeModel.Policy.Epsilon.sum": {
            "value": 0.19599770000000005,
            "min": 0.19599770000000005,
            "max": 0.19949990000000004,
            "count": 8
        },
        "SnakeModel.Policy.Beta.mean": {
            "value": 0.0048002852300000004,
            "min": 0.0048002852300000004,
            "max": 0.004975045010000001,
            "count": 8
        },
        "SnakeModel.Policy.Beta.sum": {
            "value": 0.0048002852300000004,
            "min": 0.0048002852300000004,
            "max": 0.004975045010000001,
            "count": 8
        }
    },
    "metadata": {
        "timer_format_version": "0.1.0",
        "start_time_seconds": "1667164695",
        "python_version": "3.7.13 (default, Oct 18 2022, 13:40:53) \n[Clang 12.0.0 ]",
        "command_line_arguments": "/opt/anaconda3/envs/ml-snake/bin/mlagents-learn Snake.yaml --time-scale=2 --capture-frame-rate=0 --target-frame-rate=-1 --run-id=ASD8",
        "mlagents_version": "0.28.0",
        "mlagents_envs_version": "0.28.0",
        "communication_protocol_version": "1.5.0",
        "pytorch_version": "1.7.1",
        "numpy_version": "1.21.6",
        "end_time_seconds": "1667165908"
    },
    "total": 1212.562914917,
    "count": 1,
    "self": 0.004642625000087719,
    "children": {
        "run_training.setup": {
            "total": 0.013909457999999986,
            "count": 1,
            "self": 0.013909457999999986
        },
        "TrainerController.start_learning": {
            "total": 1212.544362834,
            "count": 1,
            "self": 0.08873748799692294,
            "children": {
                "TrainerController._reset_env": {
                    "total": 8.686936459,
                    "count": 1,
                    "self": 8.686936459
                },
                "TrainerController.advance": {
                    "total": 1203.6389171780029,
                    "count": 5927,
                    "self": 0.0444532909980353,
                    "children": {
                        "env_step": {
                            "total": 1203.5944638870048,
                            "count": 5927,
                            "self": 1190.8308897360066,
                            "children": {
                                "SubprocessEnvManager._take_step": {
                                    "total": 12.709278163999084,
                                    "count": 5927,
                                    "self": 0.1540185989958971,
                                    "children": {
                                        "TorchPolicy.evaluate": {
                                            "total": 12.555259565003187,
                                            "count": 4722,
                                            "self": 3.450675329003918,
                                            "children": {
                                                "TorchPolicy.sample_actions": {
                                                    "total": 9.104584235999269,
                                                    "count": 4722,
                                                    "self": 9.104584235999269
                                                }
                                            }
                                        }
                                    }
                                },
                                "workers": {
                                    "total": 0.05429598699911686,
                                    "count": 5926,
                                    "self": 0.0,
                                    "children": {
                                        "worker_root": {
                                            "total": 1211.0554575360052,
                                            "count": 5926,