{
    "name": "root",
    "gauges": {
        "SnakeModel.Policy.Entropy.mean": {
            "value": 1.320452332496643,
            "min": 1.320452332496643,
            "max": 1.341051459312439,
            "count": 6
        },
        "SnakeModel.Policy.Entropy.sum": {
            "value": 2639.584228515625,
            "min": 2639.584228515625,
            "max": 2688.80810546875,
            "count": 6
        },
        "SnakeModel.Environment.EpisodeLength.mean": {
            "value": 3.383771929824561,
            "min": 3.221518987341772,
            "max": 3.46875,
            "count": 6
        },
        "SnakeModel.Environment.EpisodeLength.sum": {
            "value": 1543.0,
            "min": 1527.0,
            "max": 1555.0,
            "count": 6
        },
        "SnakeModel.Step.mean": {
            "value": 11996.0,
            "min": 1998.0,
            "max": 11996.0,
            "count": 6
        },
        "SnakeModel.Step.sum": {
            "value": 11996.0,
            "min": 1998.0,
            "max": 11996.0,
            "count": 6
        },
        "SnakeModel.Policy.ExtrinsicValueEstimate.mean": {
            "value": -0.756771981716156,
            "min": -8.822757720947266,
            "max": -0.756771981716156,
            "count": 6
        },
        "SnakeModel.Policy.ExtrinsicValueEstimate.sum": {
            "value": -345.0880126953125,
            "min": -3943.772705078125,
            "max": -345.0880126953125,
            "count": 6
        },
        "SnakeModel.Environment.CumulativeReward.mean": {
            "value": -1.065679780746761,
            "min": -1.0669264628786286,
            "max": -1.0625502921857557,
            "count": 6
        },
        "SnakeModel.Environment.CumulativeReward.sum": {
            "value": -485.94998002052307,
            "min": -503.99998009204865,
            "max": -474.9599806070328,
            "count": 6
        },
        "SnakeModel.Policy.ExtrinsicReward.mean": {
            "value": -1.065679780746761,
            "min": -1.0669264628786286,
            "max": -1.0625502921857557,
            "count": 6
        },
        "SnakeModel.Policy.ExtrinsicReward.sum": {
            "value": -485.94998002052307,
            "min": -503.99998009204865,
            "max": -474.9599806070328,
            "count": 6
        },
        "SnakeModel.IsTraining.mean": {
            "value": 1.0,
            "min": 1.0,
            "max": 1.0,
            "count": 6
        },
        "SnakeModel.IsTraining.sum": {
            "value": 1.0,
            "min": 1.0,
            "max": 1.0,
            "count": 6
        },
        "SnakeModel.Losses.PolicyLoss.mean": {
            "value": 0.026943725085368863,
            "min": 0.026943725085368863,
            "max": 0.0443806659637226,
            "count": 2
        },
        "SnakeModel.Losses.PolicyLoss.sum": {
            "value": 0.026943725085368863,
            "min": 0.026943725085368863,
            "max": 0.0443806659637226,
            "count": 2
        },
        "SnakeModel.Losses.ValueLoss.mean": {
            "value": 0.7430756478397934,
            "min": 0.7430756478397934,
            "max": 10.705442702328718,
            "count": 2
        },
        "SnakeModel.Losses.ValueLoss.sum": {
            "value": 0.7430756478397934,
            "min": 0.7430756478397934,
            "max": 10.705442702328718,
            "count": 2
        },
        "SnakeModel.Policy.LearningRate.mean": {
            "value": 0.00029699790100069995,
            "min": 0.00029699790100069995,
            "max": 0.0002984991005003,
            "count": 2
        },
        "SnakeModel.Policy.LearningRate.sum": {
            "value": 0.00029699790100069995,
            "min": 0.00029699790100069995,
            "max": 0.0002984991005003,
            "count": 2
        },
        "SnakeModel.Policy.Epsilon.mean": {
            "value": 0.1989993,
            "min": 0.1989993,
            "max": 0.19949969999999995,
            "count": 2
        },
        "SnakeModel.Policy.Epsilon.sum": {
            "value": 0.1989993,
            "min": 0.1989993,
            "max": 0.19949969999999995,
            "count": 2
        },
        "SnakeModel.Policy.Beta.mean": {
            "value": 0.00495006507,
            "min": 0.00495006507,
            "max": 0.004975035029999999,
            "count": 2
        },
        "SnakeModel.Policy.Beta.sum": {
            "value": 0.00495006507,
            "min": 0.00495006507,
            "max": 0.004975035029999999,
            "count": 2
        }
    },
    "metadata": {
        "timer_format_version": "0.1.0",
        "start_time_seconds": "1667142760",
        "python_version": "3.7.13 (default, Oct 18 2022, 13:40:53) \n[Clang 12.0.0 ]",
        "command_line_arguments": "/opt/anaconda3/envs/ml-snake/bin/mlagents-learn Snake.yaml --run-id=Snakerun8",
        "mlagents_version": "0.28.0",
        "mlagents_envs_version": "0.28.0",
        "communication_protocol_version": "1.5.0",
        "pytorch_version": "1.7.1",
        "numpy_version": "1.21.6",
        "end_time_seconds": "1667142949"
    },
    "total": 189.253282042,
    "count": 1,
    "self": 0.00500508400000399,
    "children": {
        "run_training.setup": {
            "total": 0.01336708299999989,
            "count": 1,
            "self": 0.01336708299999989
        },
        "TrainerController.start_learning": {
            "total": 189.234909875,
            "count": 1,
            "self": 0.13531444999969722,
            "children": {
                "TrainerController._reset_env": {
                    "total": 18.254551958999997,
                    "count": 1,
                    "self": 18.254551958999997
                },
                "TrainerController.advance": {
                    "total": 170.7003385080003,
                    "count": 12713,
                    "self": 0.12652748099964128,
                    "children": {
                        "env_step": {
                            "total": 166.2274955910002,
                            "count": 12713,
                            "self": 160.40903923799988,
                            "children": {
                                "SubprocessEnvManager._take_step": {
                                    "total": 5.726625880999556,
                                    "count": 12713,
                                    "self": 0.2520610809995887,
                                    "children": {
                                        "TorchPolicy.evaluate": {
                                            "total": 5.474564799999968,
                                            "count": 12713,
                                            "self": 1.3538731989997643,
                                            "children": {
                                                "TorchPolicy.sample_actions": {
                                                    "total": 4.120691601000203,
                                                    "count": 12713,
                                                    "self": 4.120691601000203
                                                }
                                            }
                                        }
                                    }
                                },
                                "workers": {
                                    "total": 0.09183047200077255,
                                    "count": 12712,
                                    "self": 0.0,
                                    "children": {
                                        "worker_root": {
                                            "total": 68.85401763300052,
                                            "count": 12712,
                                            "is_parallel": true,
                                            "self": 33.756946935000435,