{
    "name": "root",
    "gauges": {
        "SnakeModel.Policy.Entropy.mean": {
            "value": 1.5204522609710693,
            "min": 1.5204522609710693,
            "max": 1.5465524196624756,
            "count": 2
        },
        "SnakeModel.Policy.Entropy.sum": {
            "value": 3051.547607421875,
            "min": 3051.547607421875,
            "max": 3117.849609375,
            "count": 2
        },
        "SnakeModel.Environment.EpisodeLength.mean": {
            "value": 2.6605504587155964,
            "min": 2.6605504587155964,
            "max": 3.026052104208417,
            "count": 2
        },
        "SnakeModel.Environment.EpisodeLength.sum": {
            "value": 1450.0,
            "min": 1450.0,
            "max": 1510.0,
            "count": 2
        },
        "SnakeModel.Step.mean": {
            "value": 3998.0,
            "min": 1999.0,
            "max": 3998.0,
            "count": 2
        },
        "SnakeModel.Step.sum": {
            "value": 3998.0,
            "min": 1999.0,
            "max": 3998.0,
            "count": 2
        },
        "SnakeModel.Policy.ExtrinsicValueEstimate.mean": {
            "value": -1.7241345643997192,
            "min": -1.7241345643997192,
            "max": -1.5679774284362793,
            "count": 2
        },
        "SnakeModel.Policy.ExtrinsicValueEstimate.sum": {
            "value": -943.1016235351562,
            "min": -943.1016235351562,
            "max": -777.716796875,
            "count": 2
        },
        "SnakeModel.Environment.CumulativeReward.mean": {
            "value": -2.417550472280443,
            "min": -2.6555086213254158,
            "max": -2.417550472280443,
            "count": 2
        },
        "SnakeModel.Environment.CumulativeReward.sum": {
            "value": -1322.4001083374023,
            "min": -1322.4001083374023,
            "max": -1317.1322761774063,
            "count": 2
        },
        "SnakeModel.Policy.ExtrinsicReward.mean": {
            "value": -2.417550472280443,
            "min": -2.6555086213254158,
            "max": -2.417550472280443,
            "count": 2
        },
        "SnakeModel.Policy.ExtrinsicReward.sum": {
            "value": -1322.4001083374023,
            "min": -1322.4001083374023,
            "max": -1317.1322761774063,
            "count": 2
        },
        "SnakeModel.IsTraining.mean": {
            "value": 1.0,
            "min": 1.0,
            "max": 1.0,
            "count": 2
        },
        "SnakeModel.IsTraining.sum": {
            "value": 1.0,
            "min": 1.0,
            "max": 1.0,
            "count": 2
        },
        "SnakeModel.Losses.PolicyLoss.mean": {
            "value": 0.04185285019533088,
            "min": 0.04185285019533088,
            "max": 0.04185285019533088,
            "count": 1
        },
        "SnakeModel.Losses.PolicyLoss.sum": {
            "value": 0.04185285019533088,
            "min": 0.04185285019533088,
            "max": 0.04185285019533088,
            "count": 1
        },
        "SnakeModel.Losses.ValueLoss.mean": {
            "value": 2.8183952271938324,
            "min": 2.8183952271938324,
            "max": 2.8183952271938324,
            "count": 1
        },
        "SnakeModel.Losses.ValueLoss.sum": {
            "value": 2.8183952271938324,
            "min": 2.8183952271938324,
            "max": 2.8183952271938324,
            "count": 1
        },
        "SnakeModel.Policy.LearningRate.mean": {
            "value": 0.00029979430006856666,
            "min": 0.00029979430006856666,
            "max": 0.00029979430006856666,
            "count": 1
        },
        "SnakeModel.Policy.LearningRate.sum": {
            "value": 0.00029979430006856666,
            "min": 0.00029979430006856666,
            "max": 0.00029979430006856666,
            "count": 1
        },
        "SnakeModel.Policy.Epsilon.mean": {
            "value": 0.19993143333333338,
            "min": 0.19993143333333338,
            "max": 0.19993143333333338,
            "count": 1
        },
        "SnakeModel.Policy.Epsilon.sum": {
            "value": 0.19993143333333338,
            "min": 0.19993143333333338,
            "max": 0.19993143333333338,
            "count": 1
        },
        "SnakeModel.Policy.Beta.mean": {
            "value": 0.004996578523333333,
            "min": 0.004996578523333333,
            "max": 0.004996578523333333,
            "count": 1
        },
        "SnakeModel.Policy.Beta.sum": {
            "value": 0.004996578523333333,
            "min": 0.004996578523333333,
            "max": 0.004996578523333333,
            "count": 1
        }
    },
    "metadata": {
        "timer_format_version": "0.1.0",
        "start_time_seconds": "1667163695",
        "python_version": "3.7.13 (default, Oct 18 2022, 13:40:53) \n[Clang 12.0.0 ]",
        "command_line_arguments": "/opt/anaconda3/envs/ml-snake/bin/mlagents-learn Snake.yaml --run-id=Snakerun24 --time-scale=2",
        "mlagents_version": "0.28.0",
        "mlagents_envs_version": "0.28.0",
        "communication_protocol_version": "1.5.0",
        "pytorch_version": "1.7.1",
        "numpy_version": "1.21.6",
        "end_time_seconds": "1667163723"
    },
    "total": 27.729106458,
    "count": 1,
    "self": 0.0049801659999992864,
    "children": {
        "run_training.setup": {
            "total": 0.013525416999999873,
            "count": 1,
            "self": 0.013525416999999873
        },
        "TrainerController.start_learning": {
            "total": 27.710600875,
            "count": 1,
            "self": 0.014827577000009029,
            "children": {
                "TrainerController._reset_env": {
                    "total": 10.80370375,
                    "count": 1,
                    "self": 10.80370375
                },
                "TrainerController.advance": {
                    "total": 16.79795225599999,
                    "count": 688,
                    "self": 0.00904240899996367,
                    "children": {
                        "env_step": {
                            "total": 14.95227192700004,
                            "count": 688,
                            "self": 14.51515772300004,
                            "children": {
                                "SubprocessEnvManager._take_step": {
                                    "total": 0.4311196770000265,
                                    "count": 688,
                                    "self": 0.017527289000023316,
                                    "children": {
                                        "TorchPolicy.evaluate": {
                                            "total": 0.4135923880000032,
                                            "count": 571,
                                            "self": 0.0706221869999748,
                                            "children": {
                                                "TorchPolicy.sample_actions": {
                                                    "total": 0.3429702010000284,
                                                    "count": 571,
                                                    "self": 0.3429702010000284
                                                }
                                            }
                                        }
                                    }
                                },
                                "workers": {
                                    "total": 0.005994526999973715,
                                    "count": 687,
                                    "self": 0.0,
                                    "children": {
                                        "worker_root": {
                                            "total": 25.215856884999933,
                                            "count": 687,
                                            "is_parallel": true,